Workbook

Sheet About
A1: RoPCCtPCC RoPCCtPCC Ratio Pub Chrg Cost to Pvt Chrg Cost | B1: Utah | C1: 46279 | F1: Alabama | G1: AL
B2: =VLOOKUP($B$1,$F$1:$G$51,2,FALSE) -> UT | F2: Alaska | G2: AK
A3: Sources: | B3: Average public / commercial EV charging price by state ($/kWh) | F3: Arizona | G3: AZ
B4: AAA (American Automobile Association) | F4: Arkansas | G4: AR
B5: AAA Fuel Prices - EV Charging Prices (state map) | F5: California | G5: CA
B6: 2026 | F6: Colorado | G6: CO
B7: https://gasprices.aaa.com/ev-charging-prices/ | F7: Connecticut | G7: CT
B8: Read 9/14/2026; pasted verbatim on tab 'AAA public prices' (state, $/kWh; last row US = national average $0.424). AAA describes it as the 'national and state daily average per kilowatt hour cost for all commercial/public charging (Level 1, Level 2, and Level 3/DC Fast Charging)' and publishes no weighting; treat it as a posted-price average that is DC-fast-heavy, not kWh-weighted. It must not be read as a Level-2 price or as what a driver with home access pays. WV ($0.528) is the highest state and 23-50% above every neighbor on a thin network (~55 DC-fast sites); kept as published (no empirical basis to override, Robbie 2026-09-14) - re-check at the next refresh. The series launched 11/2024 at a $0.34 national average, so vintages are not comparable over time. | F8: Delaware | G8: DE
F9: Florida | G9: FL
B10: Average residential retail electricity price by state (cents/kWh) | F10: Georgia | G10: GA
B11: U.S. Energy Information Administration | F11: Hawaii | G11: HI
B12: Electric Power Monthly, Table 5.6.A (average price of electricity to ultimate customers by end-use sector, by state) | F12: Idaho | G12: ID
B13: 2026 | F13: Illinois | G13: IL
B14: https://www.eia.gov/electricity/monthly/epm_table_grapher.php?t=epmt_5_6_a | F14: Indiana | G14: IN
B15: June 2026 column (released 8/26/2026, preliminary, 'based on a cutoff model sample'); pasted verbatim on tab 'EIA residential prices' (state, cents/kWh; last row US). Converted to $/kWh on Calcs. Same month as the AAA read so the ratio is unit- and vintage-consistent. Not a transport-sector price; the model applies the ratio to its own (2012$) transport electricity price, so only the RATIO carries over, never these levels. | F15: Iowa | G15: IA
F16: Kansas | G16: KS
F17: Kentucky | G17: KY
A18: Notes: | F18: Louisiana | G18: LA
A19: What this is | B19: RoPCCtPCC is the dimensionless ratio the EPS multiplies into the transport-sector electricity price for the share of EV charging that is not at private (home) chargers: EV electricity price = transport electricity price x [private share + (1 - private share) x RoPCCtPCC]. The private share is SoVCaPC. | F19: Maine | G19: ME
A20: State selector | B20: About!B1 (full state name, drop-down) selects the state; About!B2 derives the abbreviation; Calcs pulls that state's row from the two source tabs; the RoPCCtPCC output tab reads the selected ratio. Each state folder in state-eps-data carries a copy of this workbook with B1 set to its state; the CSV beside it reflects that selection. | F20: Maryland | G20: MD
A21: Method (2026-09-14) | B21: ratio = AAA state public price / EIA state residential price, both all-in retail $/kWh for the same month. Replaces the single national constant 2.42 (AAA national $0.419 / EIA national 2025 $0.173), kept on Calcs as a reference. Rationale: public prices vary little across states ($0.32-0.53/kWh) while residential prices vary more than two-fold, so the public premium behaves as a fixed adder ($0.10-0.37/kWh); a single national ratio overstated public charging costs by 75-110% in the high-price Northeast and California and understated them in cheap-power states. State ratios run 1.33 (MA) to 3.55 (LA), median 2.47. | F21: Massachusetts | G21: MA
A22: Limits | B22: A ratio still scales the premium with the model's electricity price over time; a fixed real-dollar adder would be the cleaner model form (not this cycle). The model prices 100% of a no-home-access PEV's kWh at this public price; NREL's 2030 National Charging Network puts non-home energy at ~60% DC fast / 40% workplace or public Level 2. | F22: Michigan | G22: MI
A23: Refresh | B23: Replace the two source CSVs in state-data-forecast outputs/RoPCCtPCC/sources/, update the dates in the builder, run `build` then `deploy --dest <state-eps-data>`, review git status (96 files), commit in state-eps-data, rerun the states. | F23: Minnesota | G23: MN
A24: Builder | B24: state-data-forecast outputs/RoPCCtPCC/_build_ropcctpcc_states.py; method note docs/methodology/RoPCCtPCC.md. | F24: Mississippi | G24: MS
F25: Missouri | G25: MO
F26: Montana | G26: MT
F27: Nebraska | G27: NE
F28: Nevada | G28: NV
F29: New Hampshire | G29: NH
F30: New Jersey | G30: NJ
F31: New Mexico | G31: NM
F32: New York | G32: NY
F33: North Carolina | G33: NC
F34: North Dakota | G34: ND
F35: Ohio | G35: OH
F36: Oklahoma | G36: OK
... F51: United States | G51: US

Sheet Keys
A1: Keys - editable parameters referenced by Calcs and Checks
A3: Parameter | B3: Value | C3: Used by
A4: Cents per dollar (EIA residential prices are published in cents/kWh) | B4: 100 | C4: Calcs column C divides by this
A5: National row code in the source tabs | B5: US | C5: Calcs Section 2 national reference; last row of each source tab
A6: Lowest plausible public/residential ratio | B6: 1 | C6: Checks: a ratio below this means a bad price in a source tab
A7: Highest plausible public/residential ratio | B7: 5 | C7: Checks: a ratio above this means a bad price in a source tab
A8: Tolerance for the output-equals-Calcs identity | B8: 1e-12 | C8: Checks row 8
A9: Minimum acceptable public premium (public minus residential), $/kWh | B9: 0 | C9: Checks row 7: adders at or below this are flagged

Sheet AAA public prices
A1: AAA Fuel Prices - EV Charging Prices, state daily average per kWh for all commercial/public charging, read 9/14/2026. Pasted verbatim from sources/aaa-ev-charging-price-by-state-2026-09-14.csv (last row US = national).
A3: state | B3: public_charging_price_usd_per_kwh
A4: AK | B4: 0.476
A5: AL | B5: 0.417
A6: AR | B6: 0.448
A7: AZ | B7: 0.443
A8: CA | B8: 0.477
A9: CO | B9: 0.386
A10: CT | B10: 0.399
A11: DC | B11: 0.396
A12: DE | B12: 0.381
A13: FL | B13: 0.414
A14: GA | B14: 0.413
A15: HI | B15: 0.533
... A55: US | B55: 0.424

Sheet EIA residential prices
A1: EIA Electric Power Monthly Table 5.6.A, average residential price, June 2026 (preliminary), cents per kWh. Pasted verbatim from sources/eia-epm-table-5-6-a-residential-price-2026-06.csv (last row US = national).
A3: state | B3: residential_price_cents_per_kwh
A4: AK | B4: 28.21
A5: AL | B5: 16.4
A6: AR | B6: 14.12
A7: AZ | B7: 15.18
A8: CA | B8: 34.74
A9: CO | B9: 17.13
A10: CT | B10: 24.32
A11: DC | B11: 24.39
A12: DE | B12: 19.29
A13: FL | B13: 15.1
A14: GA | B14: 16.36
A15: HI | B15: 52.72
... A55: US | B55: 18.34

Sheet Calcs
A1: Section 1 - Public / private charging cost ratio for every state
A2: What is the public charging price relative to the residential price in each state? Column D is the answer the output tab uses (for the state selected on About). Columns B-C are looked up from the two source tabs; E is the same premium as an adder, for comparison only.
A4: State | B4: Public charging price AAA, $/kWh | C4: Residential price EIA, $/kWh (from cents) | D4: RATIO USED IN THE OUTPUT FILE public / residential | E4: Premium as an adder public - residential, $/kWh | F4: State name
A5: AL | B5: =INDEX('AAA public prices'!$B$4:$B$55,MATCH($A5,'AAA public prices'!$A$4:$A$55,0)) -> 0.417 | C5: =INDEX('EIA residential prices'!$B$4:$B$55,MATCH($A5,'EIA residential prices'!$A$4:$A$55,0))/Keys!$B$4 -> 0.164 | D5: =B5/C5 -> 2.5426829 | E5: =B5-C5 -> 0.253 | F5: Alabama
A6: AK | B6: =INDEX('AAA public prices'!$B$4:$B$55,MATCH($A6,'AAA public prices'!$A$4:$A$55,0)) -> 0.476 | C6: =INDEX('EIA residential prices'!$B$4:$B$55,MATCH($A6,'EIA residential prices'!$A$4:$A$55,0))/Keys!$B$4 -> 0.2821 | D6: =B6/C6 -> 1.6873449 | E6: =B6-C6 -> 0.1939 | F6: Alaska
A7: AZ | B7: =INDEX('AAA public prices'!$B$4:$B$55,MATCH($A7,'AAA public prices'!$A$4:$A$55,0)) -> 0.443 | C7: =INDEX('EIA residential prices'!$B$4:$B$55,MATCH($A7,'EIA residential prices'!$A$4:$A$55,0))/Keys!$B$4 -> 0.1518 | D7: =B7/C7 -> 2.9183136 | E7: =B7-C7 -> 0.2912 | F7: Arizona
A8: AR | B8: =INDEX('AAA public prices'!$B$4:$B$55,MATCH($A8,'AAA public prices'!$A$4:$A$55,0)) -> 0.448 | C8: =INDEX('EIA residential prices'!$B$4:$B$55,MATCH($A8,'EIA residential prices'!$A$4:$A$55,0))/Keys!$B$4 -> 0.1412 | D8: =B8/C8 -> 3.1728045 | E8: =B8-C8 -> 0.3068 | F8: Arkansas
A9: CA | B9: =INDEX('AAA public prices'!$B$4:$B$55,MATCH($A9,'AAA public prices'!$A$4:$A$55,0)) -> 0.477 | C9: =INDEX('EIA residential prices'!$B$4:$B$55,MATCH($A9,'EIA residential prices'!$A$4:$A$55,0))/Keys!$B$4 -> 0.3474 | D9: =B9/C9 -> 1.373057 | E9: =B9-C9 -> 0.1296 | F9: California
A10: CO | B10: =INDEX('AAA public prices'!$B$4:$B$55,MATCH($A10,'AAA public prices'!$A$4:$A$55,0)) -> 0.386 | C10: =INDEX('EIA residential prices'!$B$4:$B$55,MATCH($A10,'EIA residential prices'!$A$4:$A$55,0))/Keys!$B$4 -> 0.1713 | D10: =B10/C10 -> 2.2533567 | E10: =B10-C10 -> 0.2147 | F10: Colorado
A11: CT | B11: =INDEX('AAA public prices'!$B$4:$B$55,MATCH($A11,'AAA public prices'!$A$4:$A$55,0)) -> 0.399 | C11: =INDEX('EIA residential prices'!$B$4:$B$55,MATCH($A11,'EIA residential prices'!$A$4:$A$55,0))/Keys!$B$4 -> 0.2432 | D11: =B11/C11 -> 1.640625 | E11: =B11-C11 -> 0.1558 | F11: Connecticut
A12: DE | B12: =INDEX('AAA public prices'!$B$4:$B$55,MATCH($A12,'AAA public prices'!$A$4:$A$55,0)) -> 0.381 | C12: =INDEX('EIA residential prices'!$B$4:$B$55,MATCH($A12,'EIA residential prices'!$A$4:$A$55,0))/Keys!$B$4 -> 0.1929 | D12: =B12/C12 -> 1.9751166 | E12: =B12-C12 -> 0.1881 | F12: Delaware
A13: FL | B13: =INDEX('AAA public prices'!$B$4:$B$55,MATCH($A13,'AAA public prices'!$A$4:$A$55,0)) -> 0.414 | C13: =INDEX('EIA residential prices'!$B$4:$B$55,MATCH($A13,'EIA residential prices'!$A$4:$A$55,0))/Keys!$B$4 -> 0.151 | D13: =B13/C13 -> 2.7417219 | E13: =B13-C13 -> 0.263 | F13: Florida
A14: GA | B14: =INDEX('AAA public prices'!$B$4:$B$55,MATCH($A14,'AAA public prices'!$A$4:$A$55,0)) -> 0.413 | C14: =INDEX('EIA residential prices'!$B$4:$B$55,MATCH($A14,'EIA residential prices'!$A$4:$A$55,0))/Keys!$B$4 -> 0.1636 | D14: =B14/C14 -> 2.5244499 | E14: =B14-C14 -> 0.2494 | F14: Georgia
A15: HI | B15: =INDEX('AAA public prices'!$B$4:$B$55,MATCH($A15,'AAA public prices'!$A$4:$A$55,0)) -> 0.533 | C15: =INDEX('EIA residential prices'!$B$4:$B$55,MATCH($A15,'EIA residential prices'!$A$4:$A$55,0))/Keys!$B$4 -> 0.5272 | D15: =B15/C15 -> 1.0110015 | E15: =B15-C15 -> 0.0058 | F15: Hawaii
A16: ID | B16: =INDEX('AAA public prices'!$B$4:$B$55,MATCH($A16,'AAA public prices'!$A$4:$A$55,0)) -> 0.425 | C16: =INDEX('EIA residential prices'!$B$4:$B$55,MATCH($A16,'EIA residential prices'!$A$4:$A$55,0))/Keys!$B$4 -> 0.1437 | D16: =B16/C16 -> 2.9575505 | E16: =B16-C16 -> 0.2813 | F16: Idaho
... A55: US | B55: =INDEX('AAA public prices'!$B$4:$B$55,MATCH($A55,'AAA public prices'!$A$4:$A$55,0)) -> 0.424 | C55: =INDEX('EIA residential prices'!$B$4:$B$55,MATCH($A55,'EIA residential prices'!$A$4:$A$55,0))/Keys!$B$4 -> 0.1834 | D55: =B55/C55 -> 2.3118866 | E55: =B55-C55 -> 0.2406 | F55: United States
A58: Section 2 - National reference (the single constant this workbook used before 2026-09-14)
A59: Kept for comparison only; nothing downstream reads it.
A60: EIA average residential price, 2025 ($/kWh) | B60: 0.173
A61: AAA average commercial/public charging price as of 4/15/2026 ($/kWh) | B61: 0.419
A62: National ratio, public / residential (was RoPCCtPCC for every state) | B62: =B61/B60 -> 2.4219653
A63: National ratio from the current source tabs (US rows) | B63: =INDEX($D$5:$D$55,MATCH(Keys!$B$5,$A$5:$A$55,0)) -> 2.3118866
A66: Section 3 - Selected state (About!B1) - READ BY THE OUTPUT TAB
A67: Selected state | B67: =About!$B$2 -> UT
A68: Public charging price, $/kWh | B68: =INDEX($B$5:$B$55,MATCH($B$67,$A$5:$A$55,0)) -> 0.346
A69: Residential price, $/kWh | B69: =INDEX($C$5:$C$55,MATCH($B$67,$A$5:$A$55,0)) -> 0.1337
A70: RATIO USED IN THE OUTPUT FILE | B70: =INDEX($D$5:$D$55,MATCH($B$67,$A$5:$A$55,0)) -> 2.5878833

Sheet Checks
A1: Checks - every row should read PASS
A3: Check (what it tests, and which value is bad) | B3: Value | C3: PASS/FAIL
A4: Selected state on About!B1 is found in the state table (FAIL = typo or a state not in the sources) | B4: =IFERROR(MATCH(Calcs!$B$67,Calcs!$A$5:$A$55,0),0) -> 44 | C4: =IF(B4>0,"PASS","FAIL") -> PASS
A5: Selected state's ratio is between 1 and 5 (a ratio below 1 or above 5 means a bad price in a source tab) | B5: =Calcs!$B$70 -> 2.5878833 | C5: =IF(AND(B5>=Keys!$B$6,B5<=Keys!$B$7),"PASS","FAIL") -> PASS
A6: Every state's ratio is between 1 and 5: count of states outside the range (0 = PASS) | B6: =COUNTIF(Calcs!$D$5:$D$55,"<"&Keys!$B$6)+COUNTIF(Calcs!$D$5:$D$55,">"&Keys!$B$7) -> 0 | C6: =IF(B6=0,"PASS","FAIL") -> PASS
A7: Every state's public price exceeds its residential price: count of non-positive adders (0 = PASS) | B7: =COUNTIF(Calcs!$E$5:$E$55,"<="&Keys!$B$9) -> 0 | C7: =IF(B7=0,"PASS","FAIL") -> PASS
A8: Output tab value equals the selected state's Calcs ratio (0 = PASS) | B8: =ABS(RoPCCtPCC!$B$1-Calcs!$B$70) -> 0 | C8: =IF(B8<Keys!$B$8,"PASS","FAIL") -> PASS

Sheet RoPCCtPCC
A1: Ratio(Private/Public) | B1: =Calcs!$B$70 -> 2.5878833
